Shop,Category,Model,Model Number
Mobilee,Mobile,HONOR 10 Lite,
Mobilee,Mobile,HONOR 8X,
Mobilee,Mobile,A1,
Mobilee,Mobile,Prime X,
Mobilee,Mobile,Prime Z,
Mobilee,Mobile,Prime ,
Mobilee,Mobile,Spark i8,
Mobilee,Mobile,One,
Mobilee,Mobile,Pearl FM,
Mobilee,Mobile,Gem,
Mobilee,Mobile,KKT 34 Power,
Mobilee,Mobile,KKT 40 Power+,
Mobilee,Mobile,CAPTAIN K2,
Mobilee,Mobile,Z50,
Mobilee,Mobile,Z60s,
Mobilee,Mobile,Z61,
Mobilee,Mobile,Z61 2GB,
Mobilee,Mobile,Z92,
Mobilee,Mobile,A97 IPS,
Mobilee,Mobile,C1,
Mobilee,Mobile,C1 LITE,
Mobilee,Mobile,C1 SHINE,
Mobilee,Mobile,C2,
Mobilee,Mobile,X1 NOTCH,
Mobilee,Mobile,N105 Single,
Mobilee,Mobile,N105 Dual,
Mobilee,Mobile,N106,
Mobilee,Mobile,N130,
Mobilee,Mobile,N150,
Mobilee,Mobile,N3310,
Mobilee,Mobile,N8110 4G,
Mobilee,Mobile,N1,
Mobilee,Mobile,N2,
Mobilee,Mobile,N2.1,
Mobilee,Mobile,N3.1 Plus,
Mobilee,Mobile,N5.1 Plus 4/64,
Mobilee,Mobile,N5.1 Plus 6/64,
Mobilee,Mobile,N6,
Mobilee,Mobile,N6.1 4/64,
Mobilee,Mobile,N6.1 3/32,
Mobilee,Mobile,A3s 2/16,
Mobilee,Mobile,A3s 3/32,
Mobilee,Mobile,A7 3/64,
Mobilee,Mobile,F11 PRO,
Mobilee,Smart Phone,Guru 1200,
Mobilee,Smart Phone,Guru FM Plus,
Mobilee,Smart Phone,Guru Music 2,
Mobilee,Smart Phone,Metro 313,
Mobilee,Smart Phone,Metro 350,
Mobilee,Smart Phone,J2 CORE ,
Mobilee,Smart Phone,J2 (2018),
Mobilee,Smart Phone,J4,
Mobilee,Smart Phone,J4+,
Mobilee,Smart Phone,J6+,
Mobilee,Smart Phone,J6 3/32,
Mobilee,Smart Phone,J6 4/64,
Mobilee,Smart Phone,J8,
Mobilee,Smart Phone,A7 4/64,
Mobilee,Smart Phone,A7 6/128,
Mobilee,Smart Phone,A9 6/128,
Mobilee,Smart Phone,A9 8/128,
Mobilee,Smart Phone,A30,
Mobilee,Smart Phone,A50 4/64,
Mobilee,Smart Phone,A50 6/64,
Mobilee,Smart Phone,S10+ 8/128,
Mobilee,Smart Phone,S10 8/128,
Mobilee,Smart Phone,S10e,
Mobilee,Smart Phone,Tab 7.0,
Mobilee,Smart Phone,Y71i,
Mobilee,Smart Phone,Y81i,
Mobilee,Smart Phone,Y83 PRO,
Mobilee,Smart Phone,Y91,
Mobilee,Smart Phone,Y93 4/32,
Mobilee,Smart Phone,Y93 3/64,
Mobilee,Smart Phone,Y95,
Mobilee,Smart Phone,V11 PRO,
Mobilee,Smart Phone,V11,
Mobilee,Smart Phone,V15 PRO,
Mobilee,Smart Phone,Y91i 2/16,
Mobilee,Smart Phone,Y91i 2/32,
